Timestamp,ECGValue,BPM
2434628,312,77
2434634,318,77
2434649,310,77
2434652,314,77
2434667,313,77
2434681,312,77
2434684,317,77
2434701,310,77
2434712,314,77
2434717,312,77
2434732,310,77
2434743,315,77
2434751,312,77
2434763,311,77
2434770,312,77
2434783,311,77
2434794,315,77
2434801,313,77
2434801,313,77
2434824,317,77
2434834,313,77
2434845,319,77
2434851,319,77
2434865,316,77
2434875,319,77
2434884,319,77
2434897,322,77
2434901,321,77
2434917,321,77
2434926,323,77
2434937,318,77
2434948,329,77
2434958,342,77
2434968,335,77
2434968,341,77
2434985,334,77
2434998,326,77
2435009,328,77
2435019,324,77
2435029,325,77
2435034,329,77
2435050,327,77
2435051,326,77
2435067,332,77
2435081,490,77
2435092,659,78
2435101,657,78
2435101,268,78
2435117,260,78
2435132,322,78
2435142,321,78
2435150,314,78
2435163,316,78
2435168,319,78
2435184,317,78
2435195,325,78
2435201,327,78
2435215,327,78
2435218,334,78
2435234,331,78
2435246,340,78
2435250,341,78
2435266,344,78
2435269,349,78
2435285,354,78
2435296,354,78
2435301,368,78
2435317,370,78
2435328,379,78
2435333,381,78
2435349,382,78
2435358,392,78
2435367,388,78
2435379,386,78
2435388,375,78
2435399,356,78
2435410,340,78
2435417,320,78
2435431,310,78
2435436,307,78
2435451,299,78
2435462,303,78
2435468,301,78
2435468,302,78
2435492,306,78
2435501,302,78
2435501,307,78
2435517,306,78
2435533,305,78
2435544,308,78
2435550,305,78
2435550,308,78
2435574,312,78
2435584,304,78
2435592,305,78
2435601,305,78
2435601,304,78
2435626,310,78
2435635,305,78
2435646,306,78
2435656,309,78
2435667,303,78
2435668,306,78
2435685,314,78
2435698,318,78
2435701,324,78
2435717,318,78
2435717,314,78
2435734,308,78
2435748,307,78
2435751,317,78
2435769,311,78
2435780,314,78
2435790,316,78
2435801,307,78
2435811,399,78
2435817,656,79
2435817,658,79
2435834,370,79
2435851,206,79
2435862,308,79
2435872,312,79
2435883,303,79
2435891,309,79
2435901,305,79
2435913,308,79
2435917,317,79
2435934,311,79
2435940,323,79
2435950,323,79
2435965,326,79
2435965,330,79
2435986,331,79
2435992,333,79
2436006,344,79
2436016,344,79
2436023,354,79
2436032,359,79
2436040,364,79
2436056,375,79
2436067,378,79
2436075,385,79
2436086,385,79
2436091,383,79
2436108,376,79
2436119,358,79
2436129,343,79
2436139,321,79
2436149,305,79
2436158,299,79
2436170,290,79
2436181,292,79
2436190,292,79
2436201,290,79
2436206,299,79
2436222,295,79
2436223,292,79
2436239,303,79
2436244,298,79
2436263,302,79
2436273,303,79
2436283,298,79
2436290,303,79
2436304,301,79
2436314,298,79
2436323,304,79
2436335,299,79
2436345,303,79
2436355,304,79
2436366,301,79
2436373,305,79
2436385,302,79
2436396,306,79
2436406,307,79
2436417,304,79
2436423,312,79
2436436,308,79
2436440,310,79
2436456,311,79
2436468,308,79
2436473,313,79
2436488,320,79
2436499,324,79
2436506,330,79
2436520,326,79
2436523,322,79
2436539,319,79
2436551,315,79
2436556,322,79
2436571,320,79
2436580,319,79
2436590,322,79
2436590,310,79
2436606,386,79
2436622,635,80
2436633,658,80
2436641,450,80
2436641,202,80
2436656,316,80
2436674,318,80
2436684,303,80
2436695,313,80
2436705,311,80
2436715,311,80
2436724,318,80
2436736,318,80
2436739,324,80
2436756,324,80
2436766,325,80
2436772,334,80
2436786,332,80
2436793,337,80
2436806,344,80
2436817,344,80
2436826,351,80
2436838,356,80
2436848,361,80
2436858,370,80
2436868,370,80
2436879,383,80
2436889,383,80
2436899,382,80
2436906,386,80
2436906,376,80
2436931,357,80
2436939,344,80
2436951,324,80
2436961,317,80
2436971,306,80
2436982,304,80
2436992,307,80
2437003,300,80
2437013,305,80
2437023,306,80
2437024,306,80
2437040,311,80
2437054,306,80
2437064,310,80
2437075,311,80
2437080,308,80
2437090,312,80
2437106,307,80
2437106,310,80
2437124,310,80
2437136,308,80
2437147,311,80
2437156,311,80
2437167,306,80
2437172,313,80
2437188,311,80
2437198,311,80
2437207,315,80
2437218,311,80
2437223,315,80
2437239,314,80
2437249,312,80
2437257,318,80
2437269,316,80
2437273,320,80
2437290,320,80
2437301,320,80
2437306,324,80
2437321,320,80
2437329,321,80
2437341,324,80
2437341,324,80
2437358,321,80
2437373,328,80
2437383,324,80
2437389,329,80
2437403,324,80
2437413,327,80
2437423,330,80
2437434,326,80
2437439,332,80
2437455,330,80
2437465,328,80
2437473,330,80
2437486,333,80
2437496,344,80
2437505,345,80
2437516,341,80
2437524,341,80
2437527,331,80
2437547,333,80
2437555,332,80
2437568,332,80
2437573,338,80
2437588,333,80
2437599,327,80
2437606,352,80
2437618,525,77
2437623,658,77
2437639,639,77
2437650,236,77
2437656,291,77
2437656,331,77
2437673,316,77
2437690,315,77
2437690,315,77
2437707,321,77
2437722,321,77
2437732,322,77
2437740,329,77
2437740,327,77
2437763,334,77
2437773,333,77
2437781,333,77
2437792,342,77
2437792,342,77
2437814,348,77
2437822,352,77
2437835,353,77
2437845,365,77
2437855,364,77
2437865,375,77
2437873,378,77
2437873,379,77
2437890,387,77
2437906,389,77
2437917,387,77
2437922,380,77
2437938,365,77
2437948,352,77
2437957,337,77
2437957,323,77
2437976,317,77
2437988,313,77
2437999,309,77
2438006,313,77
2438020,306,77
2438030,311,77
2438040,314,77
2438051,309,77
2438056,314,77
2438071,310,77
2438082,313,77
2438092,312,77
2438102,309,77
2438106,313,77
2438122,311,77
2438133,313,77
2438139,313,77
2438153,305,77
2438163,315,77
2438174,311,77
2438184,307,77
2438190,314,77
2438190,311,77
2438215,310,77
2438223,313,77
2438236,310,77
2438242,315,77
2438242,315,77
2438266,313,77
2438273,318,77
2438283,315,77
2438291,320,77
2438307,317,77
2438317,319,77
2438323,320,77
2438338,321,77
2438349,320,77
2438356,324,77
2438369,322,77
2438372,325,77
2438390,323,77
2438399,322,77
2438406,330,77
2438406,326,77
2438425,327,77
2438440,329,77
2438451,324,77
2438462,330,77
2438472,329,77
2438482,333,77
2438491,336,77
2438491,330,77
2438507,332,77
2438523,331,77
2438534,332,77
2438542,348,77
2438554,342,77
2438564,347,77
2438574,347,77
2438585,338,77
2438591,338,77
2438605,334,77
2438615,335,77
2438623,340,77
2438636,333,77
2438647,338,77
2438657,327,77
2438658,413,77
2438674,656,75
2438684,659,75
2438698,463,75
2438708,218,75
2438718,323,75
2438728,330,75
2438739,316,75
2438749,320,75
2438756,322,75
2438770,322,75
2438781,329,75
2438790,331,75
2438801,329,75
2438806,338,75
2438821,336,75
2438832,341,75
2438841,344,75
2438852,345,75
2438862,353,75
2438872,354,75
2438883,358,75
2438892,368,75
2438903,366,75
2438908,377,75
2438924,385,75
2438934,388,75
2438940,396,75
2438955,395,75
2438965,396,75
2438973,397,75
2438986,381,75
2438989,365,75
2439006,344,75
2439006,328,75
2439023,318,75
2439037,310,75
2439039,311,75
2439056,306,75
2439067,304,75
2439075,310,75
2439087,305,75
2439090,307,75
2439107,312,75
2439107,308,75
2439129,312,75
2439140,312,75
2439149,308,75
2439155,312,75
2439171,312,75
2439181,309,75
2439191,305,75
2439201,310,75
2439207,310,75
2439222,307,75
2439233,311,75
2439242,309,75
2439242,308,75
2439257,314,75
2439273,313,75
2439284,309,75
2439291,312,75
2439304,308,75
2439314,309,75
2439324,314,75
2439335,310,75
2439340,316,75
2439356,318,75
2439365,313,75
2439372,321,75
2439386,317,75
2439390,322,75
2439406,316,75
2439406,316,75
2439424,319,75
2439438,318,75
2439448,329,75
2439456,337,75
2439468,331,75
2439479,337,75
2439489,324,75
2439499,323,75
2439506,325,75
2439520,320,75
2439531,324,75
2439540,325,75
2439551,322,75
2439557,322,75
2439571,425,75
2439582,658,73
2439589,658,73
2439589,358,73
2439608,224,73
2439622,314,73
2439633,316,73
2439639,310,73
2439654,310,73
2439659,316,73
2439673,318,73
2439684,318,73
2439691,324,73
2439691,322,73
2439715,326,73
2439723,334,73
2439735,329,73
2439742,339,73
2439756,340,73
2439767,341,73
2439773,348,73
2439787,349,73
2439798,360,73
2439806,361,73
2439818,370,73
2439825,382,73
2439838,382,73
2439840,386,73
2439858,391,73
2439869,384,73
2439873,384,73
2439889,360,73
2439899,338,73
2439906,322,73
2439920,307,73
2439930,300,73
2439940,290,73
2439951,288,73
2439957,293,73
2439972,287,73
2439982,294,73
2439992,296,73
2439992,294,73
2440013,300,73
2440024,298,73
2440031,300,73
2440041,304,73
2440041,301,73
2440064,300,73
2440073,300,73
2440085,300,73
2440095,300,73
2440106,299,73
2440116,300,73
2440123,303,73
2440136,300,73
2440140,306,73
2440156,299,73
2440167,302,73
2440173,306,73
2440182,299,73
2440198,305,73
2440208,308,73
2440218,302,73
2440229,309,73
2440239,309,73
2440242,305,73
2440256,309,73
2440270,306,73
2440272,314,73
2440290,313,73
2440301,312,73
2440307,313,73
2440321,308,73
2440326,318,73
2440339,324,73
2440352,322,73
2440363,330,73
2440372,319,73
2440383,316,73
2440390,318,73
2440404,313,73
2440413,317,73
2440423,316,73
2440434,318,73
2440440,313,73
2440455,339,73
2440465,544,71
2440472,658,71
2440486,601,71
2440492,208,71
2440506,282,71
2440517,318,71
2440526,305,71
2440537,304,71
2440547,309,71
2440557,311,71
2440568,309,71
2440575,317,71
2440588,317,71
2440599,319,71
2440607,326,71
2440607,324,71
2440629,331,71
2440639,333,71
2440650,340,71
2440656,336,71
2440670,341,71
2440681,352,71
2440691,355,71
2440701,360,71
2440712,371,71
2440721,374,71
2440732,375,71
2440741,382,71
2440741,379,71
2440757,381,71
2440773,367,71
2440783,350,71
2440790,337,71
2440804,318,71
2440807,309,71
2440824,303,71
2440835,298,71
2440845,302,71
2440856,298,71
2440866,303,71
2440873,306,71
2440878,303,71
2440897,308,71
2440907,305,71
2440911,309,71
2440923,310,71
2440938,306,71
2440939,311,71
2440957,312,71
2440969,307,71
2440972,314,71
2440989,306,71
2440999,304,71
2441006,309,71
2441019,307,71
2441030,312,71
2441040,308,71
2441050,305,71
2441061,312,71
2441071,313,71
2441075,314,71
2441090,314,71
2441101,312,71
2441112,317,71
2441122,315,71
2441133,316,71
2441139,320,71
2441153,314,71
2441163,322,71
2441173,318,71
2441184,319,71
2441190,323,71
2441205,322,71
2441215,325,71
2441223,325,71
2441236,322,71
2441246,327,71
2441256,325,71
2441267,325,71
2441276,329,71
2441287,324,71
2441297,329,71
2441307,327,71
2441318,327,71
2441328,333,71
2441338,327,71
2441349,332,71
2441356,332,71
2441369,328,71
2441374,334,71
2441390,328,71
2441400,329,71
2441405,341,71
2441420,345,71
2441431,346,71
2441440,344,71
2441440,334,71
2441456,337,71
2441472,330,71
2441482,334,71
2441491,333,71
2441491,332,71
2441507,335,71
2441523,323,71
2441531,409,71
2441542,651,67
2441554,658,67
2441565,450,67
2441572,224,67
2441585,323,67
2441591,329,67
2441605,313,67
2441609,317,67
2441622,319,67
2441636,319,67
2441645,324,67
2441657,322,67
2441658,329,67
2441674,333,67
2441684,330,67
2441698,335,67
2441707,337,67
2441718,339,67
2441729,348,67
2441739,345,67
2441739,349,67
2441756,360,67
2441769,360,67
2441773,368,67
2441791,371,67
2441801,378,67
2441806,385,67
2441821,380,67
2441832,385,67
2441840,386,67
2441852,373,67
2441863,362,67
2441872,347,67
2441883,332,67
2441891,316,67
2441903,313,67
2441913,313,67
2441923,305,67
2441934,305,67
2441940,308,67
2441955,306,67
2441965,311,67
2441974,311,67
2441986,307,67
2441996,312,67
2442006,310,67
2442016,310,67
2442023,311,67
2442037,307,67
2442047,311,67
2442056,309,67
2442068,311,67
2442076,308,67
2442088,311,67
2442098,311,67
2442106,310,67
2442119,305,67
2442129,313,67
2442140,309,67
2442150,312,67
2442158,315,67
2442171,312,67
2442181,316,67
2442191,318,67
2442201,316,67
2442207,320,67
2442222,317,67
2442233,318,67
2442240,322,67
2442240,320,67
2442263,324,67
2442273,321,67
2442284,323,67
2442291,326,67
2442304,324,67
2442307,324,67
2442323,326,67
2442335,326,67
2442345,332,67
2442356,326,67
2442356,331,67
2442373,335,67
2442386,325,67
2442391,337,67
2442407,328,67
2442417,332,67
2442424,333,67
2442437,330,67
2442448,337,67
2442456,344,67
2442468,344,67
2442479,352,67
2442489,346,67
2442492,338,67
2442507,338,67
2442507,336,67
2442523,336,67
2442540,337,67
2442550,340,67
2442561,334,67
2442572,334,67
2442581,475,67
2442591,658,65
2442602,658,65
2442606,335,65
2442622,245,65
2442622,332,65
2442641,323,65
2442648,317,65
2442664,322,65
2442673,322,65
2442684,323,65
2442691,328,65
2442691,329,65
2442715,334,65
2442723,336,65
2442736,336,65
2442746,342,65
2442756,342,65
2442766,347,65
2442773,353,65
2442787,354,65
2442797,363,65
2442806,370,65
2442818,372,65
2442826,379,65
2442838,387,65
2442849,395,65
2442858,396,65
2442869,399,65
2442879,403,65
2442890,394,65
2442900,377,65
2442906,363,65
2442906,338,65
2442931,326,65
2442940,309,65
2442952,303,65
2442962,304,65
2442971,303,65
2442981,299,65
2442992,303,65
2442992,300,65
2443013,308,65
2443023,306,65
2443032,308,65
2443044,310,65
2443054,308,65
2443064,313,65
2443075,311,65
2443082,306,65
2443095,310,65
2443106,306,65
2443115,308,65
2443123,307,65
2443135,303,65
2443147,306,65
2443157,309,65
2443167,308,65
2443173,308,65
2443188,304,65
2443198,312,65
2443207,312,65
2443218,305,65
2443229,311,65
2443240,312,65
2443249,314,65
2443257,314,65
2443270,308,65
2443274,312,65
2443289,313,65
2443301,314,65
2443306,315,65
2443322,314,65
2443331,316,65
2443340,316,65
2443352,317,65
2443356,315,65
2443372,314,65
2443378,329,65
2443392,330,65
2443392,325,65
2443409,328,65
2443423,322,65
2443434,318,65
2443439,318,65
2443455,317,65
2443465,320,65
2443474,321,65
2443486,320,65
2443492,314,65
2443506,419,65
2443517,658,64
2443523,658,64
2443532,362,64
2443547,218,64
2443556,311,64
2443568,310,64
2443575,306,64
2443581,301,64
2443592,308,64
2443607,309,64
2443619,312,64
2443629,321,64
2443639,315,64
2443650,321,64
2443658,325,64
2443658,324,64
2443681,331,64
2443690,336,64
2443702,333,64
2443706,342,64
2443722,345,64
2443732,352,64
2443739,357,64
2443753,362,64
2443756,372,64
2443773,374,64
2443783,380,64
2443793,382,64
2443793,380,64
2443814,380,64
2443823,360,64
2443835,343,64
2443845,323,64
2443855,310,64
2443865,302,64
2443873,292,64
2443886,290,64
2443892,295,64
2443907,294,64
2443908,294,64
2443923,297,64
2443938,295,64
2443948,301,64
2443957,301,64
2443968,302,64
2443979,305,64
2443989,303,64
2443999,305,64
2444007,302,64
2444020,300,64
2444030,303,64
2444040,305,64
2444051,301,64
2444061,302,64
2444072,303,64
2444075,304,64
2444090,302,64
2444102,307,64
2444106,306,64
2444123,303,64
2444133,310,64
2444139,311,64
2444154,303,64
2444163,312,64
2444173,311,64
2444184,310,64
2444192,313,64
2444205,313,64
2444215,318,64
2444224,315,64
2444235,313,64
2444244,316,64
2444256,318,64
2444267,319,64
2444276,320,64
2444287,319,64
2444298,323,64
2444306,323,64
2444318,321,64
2444325,325,64
2444335,323,64
2444349,329,64
2444357,324,64
2444369,322,64
2444380,328,64
2444390,330,64
2444393,327,64
2444406,331,64
2444420,329,64
2444431,330,64
2444440,330,64
2444440,328,64
2444457,328,64
2444473,332,64
2444482,346,64
2444489,344,64
2444503,342,64
2444506,346,64
2444523,336,64
2444533,332,64
2444541,336,64
2444554,331,64
2444565,334,64
2444573,336,64
2444585,329,64
2444593,331,64
2444606,454,64
2444606,658,63
2444623,658,63
2444636,358,63
2444640,247,63
2444656,329,63
2444667,324,63
2444673,314,63
2444688,315,63
2444698,322,63
2444707,320,63
2444718,321,63
2444729,330,63
2444739,325,63
2444742,329,63
2444758,331,63
2444770,333,63
2444773,340,63
2444790,340,63
2444801,344,63
2444810,349,63
2444821,348,63
2444830,361,63
2444839,363,63
2444851,367,63
2444856,377,63
2444872,378,63
2444883,384,63
2444891,384,63
2444904,384,63
2444914,384,63
2444923,373,63
2444934,359,63
2444944,343,63
2444955,327,63
2444965,320,63
2444973,308,63
2444986,307,63
2444994,308,63
2445006,305,63
2445016,311,63
2445024,310,63
2445037,312,63
2445042,311,63
2445058,312,63
2445068,310,63
2445075,313,63
2445087,309,63
2445099,316,63
2445108,309,63
2445119,312,63
2445129,313,63
2445140,308,63
2445149,314,63
2445155,312,63
2445171,312,63
2445181,312,63
2445190,309,63
2445202,313,63
2445212,313,63
2445223,312,63
2445232,316,63
2445241,315,63
2445241,315,63
2445256,323,63
2445273,316,63
2445284,320,63
2445289,322,63
2445304,318,63
2445306,323,63
2445323,321,63
2445335,320,63
2445339,324,63
2445356,323,63
2445365,324,63
2445373,325,63
2445386,325,63
2445397,326,63
2445407,325,63
2445409,329,63
2445423,327,63
2445438,330,63
2445448,330,63
2445458,325,63
2445468,332,63
2445479,331,63
2445489,332,63
2445495,331,63
2445507,331,63
2445507,332,63
2445523,334,63
2445539,331,63
2445551,336,63
2445556,338,63
2445572,332,63
2445582,337,63
2445590,337,63
2445602,334,63
2445613,333,63
2445622,342,63
2445633,349,63
2445640,349,63
2445640,347,63
2445656,346,63
2445674,338,63
2445684,334,63
2445695,338,63
2445705,336,63
2445715,338,63
2445723,338,63
2445736,327,63
2445743,362,63
2445756,563,60
2445767,659,60
2445773,638,60
2445787,228,60
2445797,297,60
2445806,334,60
2445818,317,60
2445823,320,60
2445839,318,60
2445848,324,60
2445856,323,60
2445869,327,60
2445879,330,60
2445890,329,60
2445895,336,60
2445906,338,60
2445921,336,60
2445931,342,60
2445939,344,60
2445939,351,60
2445957,352,60
2445973,355,60
2445982,366,60
2445990,367,60
2445994,374,60
2446013,386,60
2446023,385,60
2446034,388,60
2446040,393,60
2446054,389,60
2446065,386,60
2446075,372,60
2446085,358,60
2446095,341,60
2446106,322,60
2446116,314,60
2446123,308,60
2446136,306,60
2446147,305,60
2446157,303,60
2446158,309,60
2446175,307,60
2446185,306,60
2446198,309,60
2446207,308,60
2446218,311,60
2446229,315,60
2446239,307,60
2446250,310,60
2446256,307,60
2446270,311,60
2446273,311,60
2446290,305,60
2446301,307,60
2446307,312,60
2446307,306,60
2446332,311,60
2446340,308,60
2446352,311,60
2446356,310,60
2446372,310,60
2446383,314,60
2446395,313,60
2446403,310,60
2446408,318,60
2446424,314,60
2446425,315,60
2446442,318,60
2446454,315,60
2446465,321,60
2446474,315,60
2446482,319,60
2446496,321,60
2446506,320,60
2446517,320,60
2446523,322,60
2446537,324,60
2446548,322,60
2446556,321,60
2446568,327,60
2446578,325,60
2446588,322,60
2446599,327,60
2446607,326,60
2446620,326,60
2446629,328,60
2446640,324,60
2446650,327,60
2446656,327,60
2446656,333,60
2446681,342,60
2446690,341,60
2446702,340,60
2446711,332,60
2446722,330,60
2446732,330,60
2446739,326,60
2446753,326,60
2446763,331,60
2446773,326,60
2446773,326,60
2446790,470,60
2446804,659,58
2446815,658,58
2446825,308,58
2446835,241,58
2446841,324,58
2446841,315,58
2446856,309,58
2446875,309,58
2446883,314,58
2446896,317,58
2446906,318,58
2446917,319,58
2446923,325,58
2446938,325,58
2446941,331,58
2446957,330,58
2446957,333,58
2446974,338,58
2446989,340,58
2446996,347,58
2447006,348,58
2447006,355,58
2447024,361,58
2447040,365,58
2447051,375,58
2447061,380,58
2447072,383,58
2447079,388,58
2447090,384,58
2447102,379,58
2447113,364,58
2447122,345,58
2447133,333,58
2447139,314,58
2447154,303,58
2447158,301,58
2447174,290,58
2447184,297,58
2447189,296,58
2447204,296,58
2447215,300,58
2447222,298,58
2447236,301,58
2447241,301,58
2447241,304,58
2447257,306,58
2447273,305,58
2447287,306,58
2447298,307,58
2447306,301,58
2447318,307,58
2447323,305,58
2447338,303,58
2447350,305,58
2447357,301,58
2447370,307,58
2447380,307,58
2447390,304,58
2447400,310,58
2447410,307,58
2447421,309,58
2447431,312,58
2447440,310,58
2447452,311,58
2447456,314,58
2447472,311,58
2447478,317,58
2447490,312,58
2447503,316,58
2447506,316,58
2447523,315,58
2447528,321,58
2447540,318,58
2447554,320,58
2447556,326,58
2447573,321,58
2447585,323,58
2447590,326,58
2447606,322,58
2447615,325,58
2447623,327,58
2447636,326,58
2447644,329,58
2447657,326,58
2447668,329,58
2447673,329,58
2447688,327,58
2447697,331,58
2447708,328,58
2447708,328,58
2447724,336,58
2447739,341,58
2447750,343,58
2447756,344,58
2447770,339,58
2447781,334,58
2447790,330,58
2447801,334,58
2447806,332,58
2447822,332,58
2447832,334,58
2447839,325,58
2447852,345,58
2447856,516,58
2447872,659,58
2447883,654,58
2447892,253,58
2447903,276,58
2447913,330,58
2447922,315,58
2447934,313,58
2447940,317,58
2447955,317,58
2447965,321,58
2447972,320,58
2447986,328,58
2447992,325,58
2448006,328,58
2448017,335,58
2448023,335,58
2448037,340,58
2448041,342,58
2448056,343,58
2448068,350,58
2448073,351,58
2448089,357,58
2448099,366,58
2448106,366,58
2448120,375,58
2448124,381,58
2448140,379,58
2448150,386,58
2448156,381,58
2448171,378,58
2448173,368,58
2448190,349,58
2448202,333,58
2448206,320,58
2448222,311,58
2448232,307,58
2448240,303,58
2448253,302,58
2448257,301,58
2448273,303,58
2448284,306,58
2448291,306,58
2448303,306,58
2448315,309,58
2448324,307,58
2448335,309,58
2448345,309,58
2448356,307,58
2448366,308,58
2448373,309,58
2448386,310,58
2448397,307,58
2448407,309,58
2448418,310,58
2448428,306,58
2448437,309,58
2448448,310,58
2448456,308,58
2448469,313,58
2448473,313,58
2448489,312,58
2448500,313,58
2448507,312,58
2448520,312,58
2448529,314,58
2448540,315,58
2448551,318,58
2448561,316,58
2448571,317,58
2448575,318,58
2448590,317,58
2448603,321,58
2448613,319,58
2448622,318,58
2448633,324,58
2448641,320,58
2448654,324,58
2448664,323,58
2448675,324,58
2448675,326,58
2448690,325,58
2448698,325,58
2448716,330,58
2448723,324,58
2448736,329,58
2448742,329,58
2448756,326,58
2448756,329,58
2448773,329,58
2448787,330,58
2448798,334,58
2448808,332,58
2448818,336,58
2448828,334,58
2448838,332,58
2448849,332,58
2448856,333,58
2448870,350,58
2448873,347,58
2448890,345,58
2448898,346,58
2448907,339,58
2448921,337,58
2448931,334,58
2448940,333,58
2448951,338,58
2448957,335,58
2448972,336,58
2448981,331,58
2448989,437,58
2449003,658,58
2449007,659,58
2449023,424,58
2449033,222,58
2449042,328,58
2449055,325,58
2449057,315,58
2449073,316,58
2449085,321,58
2449096,324,58
2449106,326,58
2449107,330,58
2449124,328,58
2449136,332,58
2449140,336,58
2449157,336,58
2449168,341,58
2449174,340,58
2449188,347,58
2449198,351,58
2449206,354,58
2449218,363,58
2449223,361,58
2449240,368,58
2449240,378,58
2449256,384,58
2449271,389,58
2449280,392,58
2449291,391,58
2449301,393,58
2449312,381,58
2449322,366,58
2449332,346,58
2449340,325,58
2449352,319,58
2449357,311,58
2449373,304,58
2449383,304,58
2449389,301,58
2449403,302,58
2449409,303,58
2449423,304,58
2449435,307,58
2449442,305,58
2449455,309,58
2449466,307,58
2449473,308,58
2449486,309,58
2449492,307,58
2449506,307,58
2449517,309,58
2449523,303,58
2449537,309,58
2449548,310,58
2449556,305,58
2449569,307,58
2449575,308,58
2449585,307,58
2449599,308,58
2449607,310,58
2449611,308,58
2449625,307,58
2449641,309,58
2449641,316,58
2449656,311,58
2449671,312,58
2449681,316,58
2449690,312,58
2449699,318,58
2449711,316,58
2449722,315,58
2449732,314,58
2449742,315,58
2449753,319,58
2449757,318,58
2449773,321,58
2449783,318,58
2449792,317,58
2449799,322,58
2449807,325,58
2449823,323,58
2449833,323,58
2449846,320,58
2449856,321,58
2449866,328,58
2449872,333,58
2449881,340,58
2449890,338,58
2449906,331,58
2449918,330,58
2449923,320,58
2449938,324,58
2449940,326,58
2449956,326,58
2449962,328,58
2449973,320,58
2449989,330,58
2450000,495,58
2450010,658,57
2450021,657,57
2450029,264,57
2450029,252,57
2450051,323,57
2450061,310,57
2450072,309,57
2450077,312,57
2450092,313,57
2450102,318,57
2450110,317,57
2450123,321,57
2450133,325,57
2450143,322,57
2450154,331,57
2450160,334,57
2450175,337,57
2450179,340,57
2450194,342,57
2450200,347,57
2450211,353,57
2450225,354,57
2450236,363,57
2450244,369,57
2450256,373,57
2450262,380,57
2450262,381,57
2450288,383,57
2450293,385,57
2450308,375,57
2450311,364,57
2450328,346,57
2450339,330,57
2450344,316,57
2450344,300,57
2450370,301,57
2450378,296,57
2450386,295,57
2450400,299,57
2450410,297,57
2450421,302,57
2450429,303,57
2450442,303,57
2450452,306,57
2450462,305,57
2450472,306,57
2450482,309,57
2450493,303,57
2450503,309,57
2450512,306,57
2450512,304,57
2450534,307,57
2450543,305,57
2450555,307,57
2450561,305,57
2450575,310,57
2450585,309,57
2450595,306,57
2450606,310,57
2450610,310,57
2450626,307,57
2450636,314,57
2450644,313,57
2450657,313,57
2450668,315,57
2450677,313,57
2450688,318,57
2450694,318,57
2450709,318,57
2450718,319,57
2450727,318,57
2450739,319,57
2450750,321,57
2450760,319,57
2450770,321,57
2450777,322,57
2450791,322,57
2450804,326,57
2450811,322,57
2450822,327,57
2450832,325,57
2450842,327,57
2450853,332,57
2450861,330,57
2450873,329,57
2450882,332,57
2450893,327,57
2450904,332,57
2450911,330,57
2450911,335,57
2450929,345,57
2450944,344,57
2450955,346,57
2450966,341,57
2450976,333,57
2450984,332,57
2450995,332,57
2451007,334,57
2451013,334,57
2451027,333,57
2451027,331,57
2451044,344,57
2451058,500,57
2451061,658,56
2451077,656,56
2451089,274,56
2451095,268,56
2451101,332,56
2451120,317,56
2451127,314,56
2451140,317,56
2451150,321,56
2451160,324,56
2451171,323,56
2451179,328,56
2451182,329,56
2451202,334,56
2451210,331,56
2451222,338,56
2451228,343,56
2451243,341,56
2451245,348,56
2451260,350,56
2451260,355,56
2451278,361,56
2451294,363,56
2451304,372,56
2451311,380,56
2451325,380,56
2451335,389,56
2451345,387,56
2451356,384,56
2451361,385,56
2451361,369,56
2451377,353,56
2451394,340,56
2451407,324,56
2451418,317,56
2451428,310,56
2451434,307,56
2451445,308,56
2451459,305,56
2451468,313,56
2451478,308,56
2451489,311,56
2451499,315,56
2451510,310,56
2451512,313,56
2451528,312,56
2451541,311,56
2451544,315,56
2451560,310,56
2451572,315,56
2451582,313,56
2451591,312,56
2451603,314,56
2451611,310,56
2451623,311,56
2451627,316,56
2451642,312,56
2451654,317,56
2451661,312,56
2451661,317,56
2451677,317,56
2451693,313,56
2451705,315,56
2451711,319,56
2451726,320,56
2451736,316,56
2451744,320,56
2451744,318,56
2451761,319,56
2451777,320,56
2451788,324,56
2451794,321,56
2451808,323,56
2451818,328,56
2451828,323,56
2451834,326,56
2451849,331,56
2451859,329,56
2451870,330,56
2451877,329,56
2451890,332,56
2451900,333,56
2451910,329,56
2451921,335,56
2451929,332,56
2451932,330,56
2451952,335,56
2451961,333,56
2451973,334,56
2451978,331,56
2451993,332,56
2452002,341,56
2452013,347,56
2452024,345,56
2452033,349,56
2452043,341,56
2452055,337,56
2452065,333,56
2452075,333,56
2452083,339,56
2452093,332,56
2452106,337,56
2452110,329,56
2452127,354,56
2452135,561,56
2452143,659,56
2452157,654,56
2452168,237,56
2452177,276,56
2452188,333,56
2452194,319,56
2452209,315,56
2452218,319,56
2452227,324,56
2452239,324,56
2452250,330,56
2452260,327,56
2452262,332,56
2452278,331,56
2452291,340,56
2452295,340,56
2452310,344,56
2452322,348,56
2452332,350,56
2452342,355,56
2452346,361,56
2452361,359,56
2452372,374,56
2452383,381,56
2452394,386,56
2452404,394,56
2452411,394,56
2452424,396,56
2452435,398,56
2452444,389,56
2452454,371,56
2452466,353,56
2452476,327,56
2452486,320,56
2452494,305,56
2452507,299,56
2452512,297,56
2452512,292,56
2452537,297,56
2452544,297,56
2452544,297,56
2452568,302,56
2452577,302,56
2452589,302,56
2452599,308,56
2452609,305,56
2452619,308,56
2452627,305,56
2452641,307,56
2452650,310,56
2452660,305,56
2452671,304,56
2452681,303,56
2452691,303,56
2452702,304,56
2452711,303,56
2452722,304,56
2452732,306,56
2452743,304,56
2452753,305,56
2452762,304,56
2452774,307,56
2452784,308,56
2452794,307,56
2452803,308,56
2452811,309,56
2452811,313,56
2452827,312,56
2452844,310,56
2452844,312,56
2452866,313,56
2452877,313,56
2452886,316,56
2452894,315,56
2452907,314,56
2452910,317,56
2452928,314,56
2452938,319,56
2452945,319,56
2452959,315,56
2452960,316,56
2452978,321,56
2452989,334,56
2452993,332,56
2453010,332,56
2453021,331,56
2453027,319,56
2453034,319,56
2453051,321,56
2453061,321,56
2453072,322,56
2453082,321,56
2453093,318,56
2453102,320,56
2453111,448,56
2453123,658,56
2453127,658,56
2453143,320,56
2453154,230,56
2453160,316,56
2453175,306,56
2453183,307,56
2453192,302,56
2453204,311,56
2453209,314,56
2453225,313,56
2453235,320,56
2453240,318,56
2453257,321,56
2453267,328,56
2453277,329,56
2453287,336,56
2453287,335,56
2453304,339,56
2453318,346,56
2453329,349,56
2453335,358,56
2453349,360,56
2453353,369,56
2453369,376,56
2453380,382,56
2453385,388,56
2453400,391,56
2453410,389,56
2453419,383,56
2453431,364,56
2453441,349,56
2453451,329,56
2453462,312,56
2453468,302,56
2453468,296,56
2453493,293,56
2453502,297,56
2453514,294,56
2453524,294,56
2453534,302,56
2453544,301,56
2453551,305,56
2453565,304,56
2453575,307,56
2453584,309,56
2453595,307,56
2453604,309,56
2453616,308,56
2453627,308,56
2453635,311,56
2453644,307,56
2453657,305,56
2453668,308,56
2453678,304,56
2453685,311,56
2453699,307,56
2453709,309,56
2453718,310,56
2453729,312,56
2453739,314,56
2453749,312,56
2453761,312,56
2453769,313,56
2453781,315,56
2453785,314,56
2453801,318,56
2453812,316,56
2453819,320,56
2453832,318,56
2453843,320,56
2453852,320,56
2453862,322,56
2453868,325,56
2453883,321,56
2453893,320,56
2453902,328,56
2453914,324,56
2453918,323,56
2453935,330,56
2453937,325,56
2453952,329,56
2453952,328,56
2453975,330,56
2453985,329,56
2453996,330,56
2454004,331,56
2454016,329,56
2454027,330,56
2454035,332,56
2454047,331,56
2454052,332,56
2454068,333,56
2454079,330,56
2454086,335,56
2454086,335,56
2454109,332,56
2454118,331,56
2454130,332,56
2454140,347,56
2454150,351,56
2454161,343,56
2454168,346,56
2454181,337,56
2454190,334,56
2454202,336,56
2454212,333,56
2454218,334,56
2454218,336,56
2454243,336,56
2454251,327,56
2454251,354,56
2454269,546,55
2454284,659,55
2454295,648,55
2454304,244,55
2454315,285,55
2454318,328,55
2454335,313,55
2454346,310,55
2454356,315,55
2454366,317,55
2454370,320,55
2454386,325,55
2454397,323,55
2454405,328,55
2454418,333,55
2454427,331,55
2454436,337,55
2454447,339,55
2454452,340,55
2454469,346,55
2454479,349,55
2454486,354,55
2454500,360,55
2454510,365,55
2454519,375,55
2454519,378,55
2454535,389,55
2454551,392,55
2454562,393,55
2454569,395,55
2454582,387,55
2454592,373,55
2454603,358,55
2454614,333,55
2454618,324,55
2454628,313,55
2454644,304,55
2454651,306,55
2454664,302,55
2454674,301,55
2454685,305,55
2454690,303,55
2454705,307,55
2454716,307,55
2454719,307,55
2454735,311,55
2454746,308,55
2454751,309,55
2454767,311,55
2454777,312,55
2454784,314,55
2454793,310,55
2454805,310,55
2454818,310,55
2454829,306,55
2454838,313,55
2454849,309,55
2454859,309,55
2454869,312,55
2454880,311,55
2454885,312,55
2454900,312,55
2454911,308,55
2454919,314,55
2454919,314,55
2454936,314,55
2454952,317,55
2454962,315,55
2454968,317,55
2454968,317,55
2454993,316,55
2455001,316,55
2455006,319,55
2455018,320,55
2455034,322,55
2455035,317,55
2455052,323,55
2455065,323,55
2455068,322,55
2455085,323,55
2455096,324,55
2455106,326,55
2455116,324,55
2455127,325,55
2455135,328,55
2455140,328,55
2455151,326,55
2455167,330,55
2455178,323,55
2455185,327,55
2455198,337,55
2455206,346,55
2455218,345,55
2455230,339,55
2455239,340,55
2455250,335,55
2455260,329,55
2455269,328,55
2455280,327,55
2455285,330,55
2455302,331,55
2455312,328,55
2455318,319,55
2455332,410,55
2455342,658,55
2455352,659,55
2455363,472,55
2455373,206,55
2455384,312,55
2455389,316,55
2455402,312,55
2455406,314,55
2455420,316,55
2455435,320,55
2455445,319,55
2455452,328,55
2455466,327,55
2455475,327,55
2455485,333,55
2455496,336,55
2455507,341,55
2455517,342,55
2455528,344,55
2455535,353,55
2455548,354,55
2455559,359,55
2455568,370,55
2455578,374,55
2455585,384,55
2455600,393,55
2455610,399,55
2455618,405,55
2455630,403,55
2455637,397,55
2455651,386,55
2455661,362,55
2455668,338,55
2455682,319,55
2455692,307,55
2455701,300,55
2455712,292,55
2455718,292,55
2455732,291,55
2455743,290,55
2455752,295,55
2455764,297,55
2455774,300,55
2455784,307,55
2455795,303,55
2455804,308,55
2455807,305,55
2455825,309,55
2455836,311,55
2455846,306,55
2455853,308,55
2455853,308,55
2455877,307,55
2455885,308,55
2455897,305,55
2455907,306,55
2455918,304,55
2455928,302,55
2455936,307,55
2455948,304,55
2455959,306,55
2455969,310,55
2455979,306,55
2455990,310,55
2456000,305,55
2456010,308,55
2456017,313,55
2456031,309,55
2456035,310,55
2456051,314,55
2456054,313,55
2456070,315,55
2456080,313,55
2456085,314,55
2456101,317,55
2456113,316,55
2456123,319,55
2456133,318,55
2456144,315,55
2456153,322,55
2456164,318,55
2456168,318,55
2456184,322,55
2456195,320,55
2456202,319,55
2456215,323,55
2456222,324,55
2456234,328,55
2456246,322,55
2456252,333,55
2456266,345,55
2456268,336,55
2456288,339,55
2456298,335,55
2456308,326,55
2456318,326,55
2456328,326,55
2456334,328,55
2456349,326,55
2456360,322,55
2456368,326,55
2456380,322,55
2456388,445,55
2456401,658,56
2456411,658,56
2456418,375,56
2456432,229,56
2456441,324,56
2456452,314,56
2456462,307,56
2456470,313,56
2456480,315,56
2456493,316,56
2456501,320,56
2456513,318,56
2456518,325,56
2456533,328,56
2456544,328,56
2456555,334,56
2456565,335,56
2456573,340,56
2456573,342,56
2456591,346,56
2456605,350,56
2456616,356,56
2456624,363,56
2456631,372,56
2456646,381,56
2456656,387,56
2456667,393,56
2456674,396,56
2456689,398,56
2456691,393,56
2456708,377,56
2456719,360,56
2456724,335,56
2456733,322,56
2456740,311,56
2456758,301,56
2456758,304,56
2456774,297,56
2456790,297,56
2456801,303,56
2456808,300,56
2456822,307,56
2456832,305,56
2456840,307,56
2456853,313,56
2456863,311,56
2456873,312,56
2456884,311,56
2456892,311,56
2456892,312,56
2456908,311,56
2456924,312,56
2456935,310,56
2456941,308,56
2456941,311,56
2456966,309,56
2456974,308,56
2456986,312,56
2456992,310,56
2457007,312,56
2457017,315,56
2457027,311,56
2457038,316,56
2457048,315,56
2457058,316,56
2457068,318,56
2457076,314,56
2457089,321,56
2457099,319,56
2457109,318,56
2457120,322,56
2457130,321,56
2457140,326,56
2457151,322,56
2457158,325,56
2457171,326,56
2457181,322,56
2457192,328,56
2457193,331,56
2457209,326,56
2457223,329,56
2457233,326,56
2457242,329,56
2457253,331,56
2457257,330,56
2457274,330,56
2457283,331,56
2457291,327,56
2457305,334,56
2457315,329,56
2457325,331,56
2457336,335,56
2457340,332,56
2457357,334,56
2457367,334,56
2457375,337,56
2457387,337,56
2457391,337,56
2457407,340,56
2457417,335,56
2457424,338,56
2457439,339,56
2457444,339,56
2457457,352,56
2457469,356,56
2457479,347,56
2457489,349,56
2457492,342,56
2457509,336,56
2457521,337,56
2457531,333,56
2457541,338,56
2457551,335,56
2457558,336,56
2457558,332,56
2457575,341,56
2457591,500,56
2457602,659,55
2457613,658,55
2457623,308,55
2457633,254,55
2457641,328,55
2457654,318,55
2457657,314,55
2457674,318,55
2457683,318,55
2457691,319,55
2457691,325,55
2457715,326,55
2457724,327,55
2457736,332,55
2457747,330,55
2457757,339,55
2457767,341,55
2457774,342,55
2457788,348,55
2457798,348,55
2457807,354,55
2457819,365,55
2457823,366,55
2457839,375,55
2457845,383,55
2457857,391,55
2457870,398,55
2457880,398,55
2457891,401,55
2457901,399,55
2457910,382,55
2457921,365,55
2457932,346,55
2457941,323,55
2457952,314,55
2457962,301,55
2457972,302,55
2457982,300,55
2457992,295,55
2458003,301,55
2458010,300,55
2458024,303,55
2458034,301,55
2458041,304,55
2458041,310,55
2458058,307,55
2458074,305,55
2458086,310,55
2458092,304,55
2458106,309,55
2458117,309,55
2458124,307,55
2458137,313,55
2458141,306,55
2458157,307,55
2458168,306,55
2458174,306,55
2458188,309,55
2458198,308,55
2458208,309,55
2458219,311,55
2458229,306,55
2458239,309,55
2458242,307,55
2458257,312,55
2458271,312,55
2458274,310,55
2458291,312,55
2458301,314,55
2458310,312,55
2458310,318,55
2458325,318,55
2458341,314,55
2458353,317,55
2458357,315,55
2458373,318,55
2458384,318,55
2458391,321,55
2458404,321,55
2458414,318,55
2458424,324,55
2458434,323,55
2458443,321,55
2458443,327,55
2458466,325,55
2458474,325,55
2458486,332,55
2458496,323,55
2458507,330,55
2458517,332,55
2458526,327,55
2458530,330,55
2458548,334,55
2458558,347,55
2458559,347,55
2458575,343,55
2458589,340,55
2458599,335,55
2458609,330,55
2458611,331,55
2458630,330,55
2458641,329,55
2458651,333,55
2458658,331,55
2458671,323,55
2458681,401,55
2458692,657,55
2458693,659,55
2458711,489,55
2458723,204,55
2458724,307,55
2458741,317,55
2458741,312,55
2458760,311,55
2458774,315,55
2458784,317,55
2458792,317,55
2458805,324,55
2458811,321,55
2458824,329,55
2458836,334,55
2458841,329,55
2458856,337,55
2458867,337,55
2458874,340,55
2458887,347,55
2458898,349,55
2458908,358,55
2458918,363,55
2458925,368,55
2458939,383,55
2458943,383,55
2458957,394,55
2458968,400,55
2458974,397,55
2458989,396,55
2459000,384,55
2459007,361,55
2459021,341,55
2459024,323,55
2459041,311,55
2459052,299,55
2459058,290,55
2459072,290,55
2459082,292,55
2459091,289,55
2459103,295,55
2459111,295,55
2459111,299,55
2459133,299,55
2459141,299,55
2459154,305,55
2459158,300,55
2459174,302,55
2459184,306,55
2459192,299,55
2459201,306,55
2459216,301,55
2459224,303,55
2459233,304,55
2459246,300,55
2459256,301,55
2459267,301,55
2459274,304,55
2459287,302,55
2459298,301,55
2459307,304,55
2459314,305,55
2459325,301,55
2459333,306,55
2459341,306,55
2459356,306,55
2459370,312,55
2459380,307,55
2459390,307,55
2459400,313,55
2459408,310,55
2459421,314,55
2459424,314,55
2459440,314,55
2459451,319,55
2459462,314,55
2459473,318,55
2459482,319,55
2459492,318,55
2459503,322,55
2459512,318,55
2459524,324,55
2459534,320,55
2459543,322,55
2459554,326,55
2459565,325,55
2459574,328,55
2459586,324,55
2459591,323,55
2459591,328,55
2459616,327,55
2459625,326,55
2459633,331,55
2459641,326,55
2459657,330,55
2459668,332,55
2459675,331,55
2459689,336,55
2459693,331,55
2459707,331,55
2459719,343,55
2459724,348,55
2459739,344,55
2459750,344,55
2459758,339,55
2459771,335,55
2459776,332,55
2459790,333,55
2459801,332,55
2459807,330,55
2459821,334,55
2459832,327,55
2459841,334,55
2459852,473,55
2459859,658,55
2459859,658,55
2459875,338,55
2459891,242,55
2459896,331,55
2459913,313,55
2459924,311,55
2459933,314,55
2459941,314,55
2459956,324,55
2459958,321,55
2459974,324,55
2459986,330,55
2459990,328,55
2460007,331,55
2460017,337,55
2460024,337,55
2460037,345,55
2460040,344,55
2460057,347,55
2460069,355,55
2460075,360,55
2460089,365,55
2460091,371,55
2460107,378,55
2460120,388,55
2460124,391,55
2460140,396,55
2460145,399,55
2460157,393,55
2460170,385,55
2460182,366,55
2460191,345,55
2460202,329,55
2460208,315,55
2460222,308,55
2460233,303,55
2460241,301,55
2460253,305,55
2460264,303,55
2460274,306,55
2460284,307,55
2460292,304,55
2460305,311,55
2460314,312,55
2460324,310,55
2460336,313,55
2460342,309,55
2460356,311,55
2460367,313,55
2460374,311,55
2460387,310,55
2460395,310,55
2460407,312,55
2460418,311,55
2460426,308,55
2460438,312,55
2460448,312,55
2460457,313,55
2460469,311,55
2460480,310,55
2460489,315,55
2460500,315,55
2460508,313,55
2460521,318,55
2460526,317,55
2460542,314,55
2460542,318,55
2460558,317,55
2460558,319,55
2460582,318,55
2460590,319,55
2460603,323,55
2460612,321,55
2460623,323,55
2460634,324,55
2460642,324,55
2460654,327,55
2460665,323,55
2460674,328,55
2460684,328,55
2460693,326,55
2460705,330,55
2460716,329,55
2460726,331,55
2460736,334,55
2460746,327,55
2460757,333,55
2460767,331,55
2460776,330,55
2460786,336,55
2460798,333,55
2460808,336,55
2460819,335,55
2460829,331,55
2460839,332,55
2460849,340,55
2460859,350,55
2460859,350,55
2460876,349,55
2460891,349,55
2460901,338,55
2460908,336,55
2460920,340,55
2460931,335,55
2460941,335,55
2460952,338,55
2460962,333,55
2460972,330,55
2460983,454,55
2460993,658,54
2460993,659,54
2461008,400,54
2461024,221,54
2461025,329,54
2461041,319,54
2461056,315,54
2461065,315,54
2461073,319,54
2461086,325,54
2461090,323,54
2461106,329,54
2461117,330,54
2461124,331,54
2461137,337,54
2461141,337,54
2461158,340,54
2461168,345,54
2461175,345,54
2461189,355,54
2461198,357,54
2461209,358,54
2461219,368,54
2461225,376,54
2461240,386,54
2461242,391,54
2461257,399,54
2461271,406,54
2461275,407,54
2461291,400,54
2461301,390,54
2461307,366,54
2461322,346,54
2461332,328,54
2461341,310,54
2461341,303,54
2461358,297,54
2461358,291,54
2461374,293,54
2461392,291,54
2461404,298,54
2461414,294,54
2461424,302,54
2461431,303,54
2461444,298,54
2461455,306,54
2461458,305,54
2461475,303,54
2461487,307,54
2461495,300,54
2461507,304,54
2461517,305,54
2461524,300,54
2461537,307,54
2461542,305,54
2461557,304,54
2461569,304,54
2461574,303,54
2461589,309,54
2461592,305,54
2461607,305,54
2461620,309,54
2461630,308,54
2461641,307,54
2461651,308,54
2461658,307,54
2461671,311,54
2461682,310,54
2461691,313,54
2461702,313,54
2461712,311,54
2461723,313,54
2461733,316,54
2461741,315,54
2461753,320,54
2461764,317,54
2461774,318,54
2461784,319,54
2461791,317,54
2461805,317,54
2461815,317,54
2461824,324,54
2461836,331,54
2461846,332,54
2461856,336,54
2461867,325,54
2461874,319,54
2461888,324,54
2461898,318,54
2461908,323,54
2461918,323,54
2461928,321,54
2461938,320,54
2461942,323,54
2461958,484,54
2461958,659,55
2461978,658,55
2461989,282,55
2462000,242,55
2462008,318,55
2462021,311,55
2462031,305,55
2462040,309,55
2462051,314,55
2462058,312,55
2462072,317,55
2462082,321,55
2462090,321,55
2462103,325,55
2462109,321,55
2462116,332,55
2462134,335,55
2462141,337,55
2462141,342,55
2462165,344,55
2462175,354,55
2462185,355,55
2462192,360,55
2462192,375,55
2462216,379,55
2462226,387,55
2462236,394,55
2462246,395,55
2462258,393,55
2462267,388,55
2462276,371,55
2462288,352,55
2462298,329,55
2462308,315,55
2462318,303,55
2462325,292,55
2462325,294,55
2462350,291,55
2462357,292,55
2462357,295,55
2462380,295,55
2462390,297,55
2462394,299,55
2462407,303,55
2462421,304,55
2462432,302,55
2462442,307,55
2462443,306,55
2462459,303,55
2462459,310,55
2462483,306,55
2462491,305,55
2462503,309,55
2462514,302,55
2462524,304,55
2462531,306,55
2462541,306,55
2462541,308,55
2462565,305,55
2462574,306,55
2462586,308,55
2462591,309,55
2462606,310,55
2462616,307,55
2462624,311,55
2462638,314,55
2462641,311,55
2462658,313,55
2462668,318,55
2462674,313,55
2462689,316,55
2462698,315,55
2462708,314,55
2462719,321,55
2462730,321,55
2462739,320,55
2462750,322,55
2462758,322,55
2462771,324,55
2462781,321,55
2462792,324,55
2462801,329,55
2462807,328,55
2462816,327,55
2462832,325,55
2462841,326,55
2462853,330,55
2462863,329,55
2462873,335,55
2462884,328,55
2462892,331,55
2462892,337,55
2462915,329,55
2462924,332,55
2462935,340,55
2462942,348,55
2462955,351,55
2462966,344,55
2462974,344,55
2462986,336,55
2462997,336,55
2463007,337,55
2463017,336,55
2463026,331,55
2463031,337,55
2463048,333,55
2463058,332,55
2463059,453,55
2463078,658,54
2463089,659,54
2463089,388,54
2463106,236,54
2463120,331,54
2463129,318,54
2463141,315,54
2463146,319,54
2463161,318,54
2463171,324,54
2463182,325,54
2463191,328,54
2463202,327,54
2463212,330,54
2463216,336,54
2463229,335,54
2463243,337,54
2463253,341,54
2463263,346,54
2463273,349,54
2463280,352,54
2463294,360,54
2463305,365,54
2463313,372,54
2463325,377,54
2463331,386,54
2463346,390,54
2463356,395,54
2463364,397,54
2463364,393,54
2463387,383,54
2463397,366,54
2463408,350,54
2463416,333,54
2463428,317,54
2463438,311,54
2463448,307,54
2463448,305,54
2463463,310,54
2463479,304,54
2463490,307,54
2463497,310,54
2463510,308,54
2463516,312,54
2463530,310,54
2463541,311,54
2463547,312,54
2463562,312,54
2463572,314,54
2463581,312,54
2463586,312,54
2463597,315,54
2463612,312,54
2463623,314,54
2463634,312,54
2463644,313,54
2463654,315,54
2463665,312,54
2463665,316,54
2463681,317,54
2463696,316,54
2463705,319,54
2463716,318,54
2463726,314,54
2463737,323,54
2463746,316,54
2463748,321,54
2463763,324,54
2463778,319,54
2463788,323,54
2463798,321,54
2463808,323,54
2463819,326,54
2463829,324,54
2463836,327,54
2463847,329,54
2463847,328,54
2463863,327,54
2463880,329,54
2463891,329,54
2463896,330,54
2463911,329,54
2463916,334,54
2463930,330,54
2463942,333,54
2463950,337,54
2463962,331,54
2463973,335,54
2463983,335,54
2463992,332,54
2464003,336,54
2464013,331,54
2464024,331,54
2464034,342,54
2464044,348,54
2464055,347,54
2464063,350,54
2464075,340,54
2464086,336,54
2464096,333,54
2464106,334,54
2464116,332,54
2464127,334,54
2464137,337,54
2464146,328,54
2464158,348,54
2464165,536,54
2464165,659,54
2464189,657,54
2464197,267,54
2464197,264,54
2464219,330,54
2464228,314,54
2464239,317,54
2464244,313,54
2464260,313,54
2464260,324,54
2464276,323,54
2464291,327,54
2464302,330,54
2464304,330,54
2464320,337,54
2464332,337,54
2464343,337,54
2464353,349,54
2464363,347,54
2464369,351,54
2464384,360,54
2464394,361,54
2464403,373,54
2464415,379,54
2464419,389,54
2464435,396,54
2464445,400,54
2464453,405,54
2464453,402,54
2464476,397,54
2464486,381,54
2464497,354,54
2464503,341,54
2464517,319,54
2464528,305,54
2464536,300,54
2464548,294,54
2464552,296,54
2464569,293,54
2464569,294,54
2464587,296,54
2464595,297,54
2464610,298,54
2464620,302,54
2464631,301,54
2464637,305,54
2464651,306,54
2464661,307,54
2464671,307,54
2464671,300,54
2464688,306,54
2464703,306,54
2464712,299,54
2464719,306,54
2464733,301,54
2464743,302,54
2464754,305,54
2464755,301,54
2464771,305,54
2464781,303,54
2464795,304,54
2464802,305,54
2464802,305,54
2464820,307,54
2464836,308,54
2464846,303,54
2464853,311,54
2464867,306,54
2464877,308,54
2464886,312,54
2464890,308,54
2464903,314,54
2464918,311,54
2464928,313,54
2464937,314,54
2464949,310,54
2464960,313,54
2464969,324,54
2464980,327,54
2464985,329,54
2465000,332,54
2465011,319,54
2465020,319,54
2465030,315,54
2465036,316,54
2465042,319,54
2465062,315,54
2465069,322,54
2465083,311,54
2465088,328,54
2465088,511,55
2465104,658,55
2465122,654,55
2465134,238,55
2465144,255,55
2465152,317,55
2465164,303,55
2465169,300,55
2465185,303,55
2465195,304,55
2465202,309,55
2465202,312,55
2465220,314,55
2465236,321,55
2465247,318,55
2465252,326,55
2465252,327,55
2465277,327,55
2465285,336,55
2465298,334,55
2465305,341,55
2465319,347,55
2465329,352,55
2465336,362,55
2465350,369,55
2465360,375,55
2465370,384,55
2465380,389,55
2465387,392,55
2465401,388,55
2465411,377,55
2465421,364,55
2465422,341,55
2465442,321,55
2465453,308,55
2465462,298,55
2465470,293,55
2465483,291,55
2465487,290,55
2465503,292,55
2465503,291,55
2465519,295,55
2465535,297,55
2465544,297,55
2465554,305,55
2465565,302,55
2465576,305,55
2465586,307,55
2465586,304,55
2465603,306,55
2465603,304,55
2465627,308,55
2465637,307,55
2465637,306,55
2465658,308,55
2465668,306,55
2465669,305,55
2465687,308,55
2465699,305,55
2465710,308,55
2465719,309,55
2465730,307,55
2465736,311,55
2465751,312,55
2465755,311,55
2465771,317,55
2465780,311,55
2465791,314,55
2465801,318,55
2465803,317,55
2465819,318,55
2465833,317,55
2465843,318,55
2465853,318,55
2465863,320,55
2465869,320,55
2465869,324,55
2465889,325,55
2465903,324,55
2465915,323,55
2465920,327,55
2465935,329,55
2465946,325,55
2465953,329,55
2465953,327,55
2465971,328,55
2465986,328,55
2465996,327,55
2466002,330,55
2466017,332,55
2466028,329,55
2466036,335,55
2466048,333,55
2466058,330,55
2466069,333,55
2466079,334,55
2466086,338,55
2466091,329,55
2466103,336,55
2466119,347,55
2466130,347,55
2466138,347,55
2466151,344,55
2466162,337,55
2466171,338,55
2466182,334,55
2466187,336,55
2466203,333,55
2466213,334,55
2466220,336,55
2466233,328,55
2466244,414,55
2466254,654,54
2466264,659,54
2466273,492,54
2466284,219,54
2466295,319,54
2466303,325,54
2466315,307,54
2466326,313,54
2466336,317,54
2466337,314,54
2466353,321,54
2466353,324,54
2466370,325,54
2466386,330,54
2466398,327,54
2466407,331,54
2466407,337,54
2466428,337,54
2466436,344,54
2466448,346,54
2466459,350,54
2466469,356,54
2466480,356,54
2466486,367,54
2466486,374,54
2466507,381,54
2466520,389,54
2466530,391,54
2466541,395,54
2466552,392,54
2466553,391,54
2466571,373,54
2466582,349,54
2466589,333,54
2466603,326,54
2466614,312,54
2466620,309,54
2466634,309,54
2466644,305,54
2466653,307,54
2466665,306,54
2466675,311,54
2466685,311,54
2466696,309,54
2466703,311,54
2466703,311,54
2466720,311,54
2466736,315,54
2466736,309,54
2466753,313,54
2466753,313,54
2466778,312,54
2466787,310,54
2466798,310,54
2466808,315,54
2466819,312,54
2466829,308,54
2466836,314,54
2466850,313,54
2466860,314,54
2466869,314,54
2466881,315,54
2466887,319,54
2466901,318,54
2466911,316,54
2466921,319,54
2466932,316,54
2466940,320,54
2466953,321,54
2466962,319,54
2466971,324,54
2466983,323,54
2466986,322,54
2467003,326,54
2467014,324,54
2467021,329,54
2467035,328,54
2467044,327,54
2467054,329,54
2467065,327,54
2467076,330,54
2467086,328,54
2467096,328,54
2467104,329,54
2467116,331,54
2467120,331,54
2467136,331,54
2467148,331,54
2467153,336,54
2467153,333,54
2467171,333,54
2467186,345,54
2467186,346,54
2467202,346,54
2467219,343,54
2467230,333,54
2467236,337,54
2467251,335,54
2467255,336,54
2467271,334,54
2467281,335,54
2467286,334,54
2467301,324,54
2467312,428,54
2467321,658,54
2467333,659,54
2467343,456,54
2467353,215,54
2467363,317,54
2467369,326,54
2467384,312,54
2467394,311,54
2467403,321,54
2467415,320,54
2467425,324,54
2467435,327,54
2467445,327,54
2467452,330,54
2467466,334,54
2467476,336,54
2467486,338,54
2467497,338,54
2467503,347,54
2467503,351,54
2467527,354,54
2467535,358,54
2467549,365,54
2467558,377,54
2467568,382,54
2467569,388,54
2467588,399,54
2467600,400,54
2467610,403,54
2467620,399,54
2467631,383,54
2467638,366,54
2467651,343,54
2467661,320,54
2467670,311,54
2467682,300,54
2467689,292,54
2467702,295,54
2467702,293,54
2467720,294,54
2467720,293,54
2467736,296,54
2467753,300,54
2467764,297,54
2467769,299,54
2467785,303,54
2467794,303,54
2467803,307,54
2467815,302,54
2467826,305,54
2467836,307,54
2467837,301,54
2467853,302,54
2467867,301,54
2467879,302,54
2467887,303,54
2467898,300,54
2467902,301,54
2467918,301,54
2467927,299,54
2467936,304,54
2467949,303,54
2467960,302,54
2467969,312,54
2467979,306,54
2467987,307,54
2468000,308,54
2468005,310,54
2468021,309,54
2468031,308,54
2468037,312,54
2468037,310,54
2468062,312,54
2468069,316,54
2468083,311,54
2468093,314,54
2468102,316,54
2468113,317,54
2468121,317,54
2468134,317,54
2468144,315,54
2468153,321,54
2468153,329,54
2468170,332,54
2468185,333,54
2468186,334,54
2468203,327,54
2468216,324,54
2468221,319,54
2468235,322,54
2468247,320,54
2468252,321,54
2468267,325,54
2468278,316,54
2468285,350,54
2468299,551,56
2468308,658,56
2468319,637,56
2468329,216,56
2468337,279,56
2468350,323,56
2468353,304,56
2468369,309,56
2468381,308,56
2468387,311,56
2468401,313,56
2468412,316,56
2468421,321,56
2468432,318,56
2468438,322,56
2468453,328,56
2468453,326,56
2468473,334,56
2468483,337,56
2468493,340,56
2468502,346,56
2468513,346,56
2468524,358,56
2468534,364,56
2468544,370,56
2468553,378,56
2468565,383,56
2468575,388,56
2468585,392,56
2468596,388,56
2468603,384,56
2468617,362,56
2468627,345,56
2468637,331,56
2468648,309,56
2468657,304,56
2468668,299,56
2468671,293,56
2468686,299,56
2468699,296,56
2468710,298,56
2468719,302,56
2468730,298,56
2468736,305,56
2468751,304,56
2468754,305,56
2468770,306,56
2468781,306,56
2468791,306,56
2468801,305,56
2468812,306,56
2468821,310,56
2468833,301,56
2468843,305,56
2468852,307,56
2468863,304,56
2468869,306,56
2468884,308,56
2468894,309,56
2468903,309,56
2468915,309,56
2468923,312,56
2468935,312,56
2468945,311,56
2468952,317,56
2468966,312,56
2468976,314,56
2468986,317,56
2468997,315,56
2469005,316,56
2469018,318,56
2469028,316,56
2469037,319,56
2469037,318,56
2469058,319,56
2469069,322,56
2469079,321,56
2469088,322,56
2469100,324,56
2469110,324,56
2469120,325,56
2469131,323,56
2469141,328,56
2469150,326,56
2469161,326,56
2469171,330,56
2469182,329,56
2469187,333,56
2469202,332,56
2469213,328,56
2469221,331,56
2469229,329,56
2469244,336,56
2469254,344,56
2469255,343,56
2469271,347,56
2469281,339,56
2469294,334,56
2469304,333,56
2469315,334,56
2469322,332,56
2469330,334,56
2469336,333,56
2469353,334,56
2469353,331,56
2469377,443,56
2469386,657,56
2469386,658,56
2469404,394,56
2469418,232,56
2469428,328,56
2469437,318,56
2469449,310,56
2469460,315,56
2469470,316,56
2469480,319,56
2469486,324,56
2469501,325,56
2469505,325,56
2469521,334,56
2469531,329,56
2469542,336,56
2469551,338,56
2469562,340,56
2469570,348,56
2469583,348,56
2469593,351,56
2469603,359,56
2469614,364,56
2469621,376,56
2469621,377,56
2469644,384,56
2469653,394,56
2469665,396,56
2469671,396,56
2469681,392,56
2469687,384,56
2469703,367,56
2469703,347,56
2469722,333,56
2469736,320,56
2469747,310,56
2469755,310,56
2469755,306,56
2469778,304,56
2469786,308,56
2469798,307,56
2469808,308,56
2469818,311,56
2469829,310,56
2469838,312,56
2469842,310,56
2469853,313,56
2469870,313,56
2469879,313,56
2469891,313,56
2469901,313,56
2469912,310,56
2469921,314,56
2469932,312,56
2469936,312,56
2469952,311,56
2469952,312,56
2469970,312,56
2469983,312,56
2469994,315,56
2470002,320,56
2470014,315,56
2470024,316,56
2470034,318,56
2470040,319,56
2470053,321,56
2470053,319,56
2470076,322,56
2470086,321,56
2470097,321,56
2470102,327,56
2470117,324,56
2470121,325,56
2470138,327,56
2470139,326,56
2470154,334,56
2470168,328,56
2470169,325,56
2470186,330,56
2470199,328,56
2470210,328,56
2470220,329,56
2470230,326,56
2470237,336,56
2470251,343,56
2470254,344,56
2470270,349,56
2470281,337,56
2470292,332,56
2470302,330,56
2470312,331,56
2470322,335,56
2470332,330,56
2470343,331,56
2470353,330,56
2470364,335,56
2470374,501,57
2470384,658,57
2470394,658,57
2470403,292,57
2470415,248,57
2470425,325,57
2470435,318,57
2470446,311,57
2470453,316,57
2470467,317,57
2470477,318,57
2470487,323,57
2470497,323,57
2470502,328,57
2470517,329,57
2470527,332,57
2470537,338,57
2470537,337,57
2470553,345,57
2470569,352,57
2470579,349,57
2470586,357,57
2470600,363,57
2470610,367,57
2470620,377,57
2470631,384,57
2470635,394,57
2470652,395,57
2470663,396,57
2470672,397,57
2470682,388,57
2470686,376,57
2470702,352,57
2470703,329,57
2470722,316,57
2470729,303,57
2470738,294,57
2470753,294,57
2470764,289,57
2470770,294,57
2470780,292,57
2470786,297,57
2470803,298,57
2470815,296,57
2470826,301,57
2470836,304,57
2470842,303,57
2470854,306,57
2470867,303,57
2470878,302,57
2470887,306,57
2470898,299,57
2470908,304,57
2470918,304,57
2470922,299,57
2470936,304,57
2470949,302,57
2470957,303,57
2470969,303,57
2470980,304,57
2470987,306,57
2471001,306,57
2471011,306,57
2471020,308,57
2471030,306,57
2471036,310,57
2471052,308,57
2471053,307,57
2471070,312,57
2471079,309,57
2471086,312,57
2471103,313,57
2471114,309,57
2471122,312,57
2471134,313,57
2471145,316,57
2471153,325,57
2471165,324,57
2471169,332,57
2471185,326,57
2471196,316,57
2471203,319,57
2471203,317,57
2471227,318,57
2471236,318,57
2471247,321,57
2471258,324,57
2471268,312,57
2471278,384,57
2471286,635,58
2471291,659,58
2471303,480,58
2471319,203,58
2471328,304,58
2471340,312,58
2471350,304,58
2471360,302,58
2471370,308,58
2471370,308,58
2471387,314,58
2471398,317,58
2471412,317,58
2471419,323,58
2471432,321,58
2471436,323,58
2471452,330,58
2471452,331,58
2471470,339,58
2471483,339,58
2471494,342,58
2471503,353,58
2471514,358,58
2471525,363,58
2471535,367,58
2471544,376,58
2471553,386,58
2471565,388,58
2471576,386,58
2471586,378,58
2471596,370,58
2471603,356,58
2471618,335,58
2471628,322,58
2471637,311,58
2471647,304,58
2471653,302,58
2471668,298,58
2471672,299,58
2471686,303,58
2471699,303,58
2471702,313,58
2471720,297,58
2471731,319,58
2471736,310,58
2471751,308,58
2471753,310,58
2471769,323,58
2471781,309,58
2471791,317,58
2471801,312,58
2471812,312,58
2471819,319,58
2471833,310,58
2471836,326,58
2471852,314,58
2471864,314,58
2471874,320,58
2471885,316,58
2471894,326,58
2471903,325,58
2471903,324,58
2471924,330,58
2471935,328,58
2471946,330,58
2471953,341,58
2471966,329,58
2471977,326,58
2471986,338,58
2471996,331,58
2472005,338,58
2472017,346,58
2472024,345,58
2472036,352,58
2472049,338,58
2472059,347,58
2472069,341,58
2472079,328,58
2472088,382,58
2472093,357,58
2472104,355,58
2472119,365,58
2472130,349,58
2472140,351,58
2472151,340,58
2472162,346,58
2472172,342,58
2472182,335,58
2472192,342,58
2472203,334,58
2472213,352,58
2472220,556,58
2472233,659,58
2472244,656,58
2472254,251,58
2472255,271,58
2472271,339,58
2472281,309,58
2472287,311,58
2472302,319,58
2472315,313,58
2472326,320,58
2472336,323,58
2472346,328,58
2472353,319,58
2472368,325,58
2472379,334,58
2472387,346,58
2472398,333,58
2472403,343,58
2472418,349,58
2472428,346,58
2472438,355,58
2472449,359,58
2472460,367,58
2472470,383,58
2472480,392,58
2472486,399,58
2472486,393,58
2472503,393,58
2472519,390,58
2472530,376,58
2472536,362,58
2472552,341,58
2472553,330,58
2472569,314,58
2472579,296,58
2472588,297,58
2472602,290,58
2472614,288,58
2472624,292,58
2472627,294,58
2472644,308,58
2472653,301,58
2472664,294,58
2472669,296,58
2472686,297,58
2472696,296,58
2472705,299,58
2472705,300,58
2472724,297,58
2472736,295,58
2472747,297,58
2472753,299,58
2472767,294,58
2472778,294,58
2472787,302,58
2472792,286,58
2472805,304,58
2472819,302,58
2472828,293,58
2472838,300,58
2472838,315,58
2472854,309,58
2472871,316,58
2472880,313,58
2472891,310,58
2472901,308,58
2472912,314,58
2472920,292,58
2472924,310,58
2472939,305,58
2472953,306,58
2472963,313,58
2472970,313,58
2472984,448,58
2472994,658,60
2473002,657,60
2473014,276,60
2473024,236,60
2473024,310,60
2473045,299,60
2473053,296,60
2473065,298,60
2473075,298,60
2473086,303,60
2473097,301,60
2473103,319,60
2473117,307,60
2473128,310,60
2473136,315,60
2473148,324,60
2473158,328,60
2473169,327,60
2473178,322,60
2473187,342,60
2473187,332,60
2473210,345,60
2473219,360,60
2473230,358,60
2473237,378,60
2473237,385,60
2473253,359,60
2473270,393,60
2473282,371,60
2473287,374,60
2473302,325,60
